[
{
  "model": "title_api_app.category",
  "pk": 1,
  "fields": {
    "name": "\u0424\u0438\u043b\u044c\u043c",
    "slug": "movie"
  }
},
{
  "model": "title_api_app.category",
  "pk": 2,
  "fields": {
    "name": "\u041a\u043d\u0438\u0433\u0430",
    "slug": "book"
  }
},
{
  "model": "title_api_app.category",
  "pk": 3,
  "fields": {
    "name": "\u041c\u0443\u0437\u044b\u043a\u0430",
    "slug": "music"
  }
},
{
  "model": "title_api_app.category",
  "pk": 6,
  "fields": {
    "name": "\u041a\u0443\u043b\u0438\u043d\u0430\u0440\u0438\u044f",
    "slug": "cook"
  }
},
{
  "model": "title_api_app.category",
  "pk": 7,
  "fields": {
    "name": "\u0411\u0443\u043a\u0432\u043e\u0435\u0434\u0441\u0442\u0432\u043e",
    "slug": "bookv"
  }
},
{
  "model": "title_api_app.genre",
  "pk": 1,
  "fields": {
    "name": "\u0414\u0440\u0430\u043c\u0430",
    "slug": "drama"
  }
},
{
  "model": "title_api_app.genre",
  "pk": 2,
  "fields": {
    "name": "\u041a\u043e\u043c\u0435\u0434\u0438\u044f",
    "slug": "comedy"
  }
},
{
  "model": "title_api_app.genre",
  "pk": 3,
  "fields": {
    "name": "\u0412\u0435\u0441\u0442\u0435\u0440\u043d",
    "slug": "western"
  }
},
{
  "model": "title_api_app.genre",
  "pk": 4,
  "fields": {
    "name": "\u0424\u044d\u043d\u0442\u0435\u0437\u0438",
    "slug": "fantasy"
  }
},
{
  "model": "title_api_app.genre",
  "pk": 5,
  "fields": {
    "name": "\u0424\u0430\u043d\u0442\u0430\u0441\u0442\u0438\u043a\u0430",
    "slug": "sci-fi"
  }
},
{
  "model": "title_api_app.genre",
  "pk": 6,
  "fields": {
    "name": "\u0414\u0435\u0442\u0435\u043a\u0442\u0438\u0432",
    "slug": "detective"
  }
},
{
  "model": "title_api_app.genre",
  "pk": 7,
  "fields": {
    "name": "\u0422\u0440\u0438\u043b\u043b\u0435\u0440",
    "slug": "thriller"
  }
},
{
  "model": "title_api_app.genre",
  "pk": 8,
  "fields": {
    "name": "\u0421\u043a\u0430\u0437\u043a\u0430",
    "slug": "tale"
  }
},
{
  "model": "title_api_app.genre",
  "pk": 9,
  "fields": {
    "name": "\u0413\u043e\u043d\u0437\u043e",
    "slug": "gonzo"
  }
},
{
  "model": "title_api_app.genre",
  "pk": 10,
  "fields": {
    "name": "\u0420\u043e\u043c\u0430\u043d",
    "slug": "roman"
  }
},
{
  "model": "title_api_app.genre",
  "pk": 11,
  "fields": {
    "name": "\u0411\u0430\u043b\u043b\u0430\u0434\u0430",
    "slug": "ballad"
  }
},
{
  "model": "title_api_app.genre",
  "pk": 12,
  "fields": {
    "name": "Rock-n-roll",
    "slug": "rock-n-roll"
  }
},
{
  "model": "title_api_app.genre",
  "pk": 13,
  "fields": {
    "name": "\u041a\u043b\u0430\u0441\u0441\u0438\u043a\u0430",
    "slug": "classical"
  }
},
{
  "model": "title_api_app.genre",
  "pk": 14,
  "fields": {
    "name": "\u0420\u043e\u043a",
    "slug": "rock"
  }
},
{
  "model": "title_api_app.genre",
  "pk": 15,
  "fields": {
    "name": "\u0428\u0430\u043d\u0441\u043e\u043d",
    "slug": "chanson"
  }
},
{
  "model": "title_api_app.title",
  "pk": 1,
  "fields": {
    "name": "\u041f\u043e\u0431\u0435\u0433 \u0438\u0437 \u0428\u043e\u0443\u0448\u0435\u043d\u043a\u0430",
    "description": "",
    "year": 1994,
    "category": 1,
    "genre": [
      1
    ]
  }
},
{
  "model": "title_api_app.title",
  "pk": 2,
  "fields": {
    "name": "\u041a\u0440\u0435\u0441\u0442\u043d\u044b\u0439 \u043e\u0442\u0435\u0446",
    "description": "",
    "year": 1972,
    "category": 1,
    "genre": [
      1
    ]
  }
},
{
  "model": "title_api_app.title",
  "pk": 3,
  "fields": {
    "name": "12 \u0440\u0430\u0437\u0433\u043d\u0435\u0432\u0430\u043d\u043d\u044b\u0445 \u043c\u0443\u0436\u0447\u0438\u043d",
    "description": "",
    "year": 1957,
    "category": 1,
    "genre": [
      1
    ]
  }
},
{
  "model": "title_api_app.title",
  "pk": 4,
  "fields": {
    "name": "\u0421\u043f\u0438\u0441\u043e\u043a \u0428\u0438\u043d\u0434\u043b\u0435\u0440\u0430",
    "description": "",
    "year": 1993,
    "category": 1,
    "genre": [
      1
    ]
  }
},
{
  "model": "title_api_app.title",
  "pk": 5,
  "fields": {
    "name": "\u041a\u0440\u0438\u043c\u0438\u043d\u0430\u043b\u044c\u043d\u043e\u0435 \u0447\u0442\u0438\u0432\u043e",
    "description": "",
    "year": 1994,
    "category": 1,
    "genre": [
      2,
      6,
      7
    ]
  }
},
{
  "model": "title_api_app.title",
  "pk": 6,
  "fields": {
    "name": "\u0425\u043e\u0440\u043e\u0448\u0438\u0439, \u043f\u043b\u043e\u0445\u043e\u0439, \u0437\u043b\u043e\u0439",
    "description": "",
    "year": 1966,
    "category": 1,
    "genre": [
      3
    ]
  }
},
{
  "model": "title_api_app.title",
  "pk": 7,
  "fields": {
    "name": "\u0412\u043b\u0430\u0441\u0442\u0435\u043b\u0438\u043d \u043a\u043e\u043b\u0435\u0446: \u0411\u0440\u0430\u0442\u0441\u0442\u0432\u043e \u043a\u043e\u043b\u044c\u0446\u0430",
    "description": "",
    "year": 2001,
    "category": 1,
    "genre": [
      4
    ]
  }
},
{
  "model": "title_api_app.title",
  "pk": 8,
  "fields": {
    "name": "\u0411\u043e\u0439\u0446\u043e\u0432\u0441\u043a\u0438\u0439 \u043a\u043b\u0443\u0431",
    "description": "",
    "year": 1999,
    "category": 1,
    "genre": [
      7
    ]
  }
},
{
  "model": "title_api_app.title",
  "pk": 9,
  "fields": {
    "name": "\u0424\u043e\u0440\u0440\u0435\u0441\u0442 \u0413\u0430\u043c\u043f",
    "description": "",
    "year": 1994,
    "category": 1,
    "genre": [
      1,
      2
    ]
  }
},
{
  "model": "title_api_app.title",
  "pk": 10,
  "fields": {
    "name": "\u0417\u0432\u0451\u0437\u0434\u043d\u044b\u0435 \u0432\u043e\u0439\u043d\u044b. \u042d\u043f\u0438\u0437\u043e\u0434 5: \u0418\u043c\u043f\u0435\u0440\u0438\u044f \u043d\u0430\u043d\u043e\u0441\u0438\u0442 \u043e\u0442\u0432\u0435\u0442\u043d\u044b\u0439 \u0443\u0434\u0430\u0440",
    "description": "",
    "year": 1980,
    "category": 1,
    "genre": [
      4
    ]
  }
},
{
  "model": "title_api_app.title",
  "pk": 11,
  "fields": {
    "name": "\u0412\u043b\u0430\u0441\u0442\u0435\u043b\u0438\u043d \u043a\u043e\u043b\u0435\u0446: \u0414\u0432\u0435 \u043a\u0440\u0435\u043f\u043e\u0441\u0442\u0438",
    "description": "",
    "year": 2002,
    "category": 1,
    "genre": [
      4
    ]
  }
},
{
  "model": "title_api_app.title",
  "pk": 12,
  "fields": {
    "name": "\u041c\u0430\u0442\u0440\u0438\u0446\u0430",
    "description": "",
    "year": 1999,
    "category": 1,
    "genre": [
      1,
      5,
      6,
      8
    ]
  }
},
{
  "model": "title_api_app.title",
  "pk": 13,
  "fields": {
    "name": "\u041f\u0440\u043e\u043b\u0435\u0442\u0430\u044f \u043d\u0430\u0434 \u0433\u043d\u0435\u0437\u0434\u043e\u043c \u043a\u0443\u043a\u0443\u0448\u043a\u0438",
    "description": "",
    "year": 1975,
    "category": 1,
    "genre": [
      1
    ]
  }
},
{
  "model": "title_api_app.title",
  "pk": 14,
  "fields": {
    "name": "\u041d\u0430\u0437\u0430\u0434 \u0432 \u0431\u0443\u0434\u0443\u0449\u0435\u0435",
    "description": "",
    "year": 1985,
    "category": 1,
    "genre": [
      5
    ]
  }
},
{
  "model": "title_api_app.title",
  "pk": 15,
  "fields": {
    "name": "\u041e\u043f\u0435\u0440\u0430\u0446\u0438\u044f \u00ab\u042b\u00bb \u0438 \u0434\u0440\u0443\u0433\u0438\u0435 \u043f\u0440\u0438\u043a\u043b\u044e\u0447\u0435\u043d\u0438\u044f \u0428\u0443\u0440\u0438\u043a\u0430",
    "description": "",
    "year": 1965,
    "category": 1,
    "genre": [
      2,
      6,
      8
    ]
  }
},
{
  "model": "title_api_app.title",
  "pk": 16,
  "fields": {
    "name": "\u041a\u0430\u0440\u0442\u044b, \u0434\u0435\u043d\u044c\u0433\u0438, \u0434\u0432\u0430 \u0441\u0442\u0432\u043e\u043b\u0430",
    "description": "",
    "year": 1998,
    "category": 1,
    "genre": [
      2
    ]
  }
},
{
  "model": "title_api_app.title",
  "pk": 17,
  "fields": {
    "name": "\u0414\u0436\u0435\u043d\u0442\u043b\u044c\u043c\u0435\u043d\u044b \u0443\u0434\u0430\u0447\u0438",
    "description": "",
    "year": 1971,
    "category": 1,
    "genre": [
      2
    ]
  }
},
{
  "model": "title_api_app.title",
  "pk": 18,
  "fields": {
    "name": "\u0414\u0436\u0430\u043d\u0433\u043e \u043e\u0441\u0432\u043e\u0431\u043e\u0436\u0434\u0435\u043d\u043d\u044b\u0439",
    "description": "",
    "year": 2012,
    "category": 1,
    "genre": [
      1
    ]
  }
},
{
  "model": "title_api_app.title",
  "pk": 19,
  "fields": {
    "name": "Generation \u041f",
    "description": "",
    "year": 2011,
    "category": 1,
    "genre": [
      1
    ]
  }
},
{
  "model": "title_api_app.title",
  "pk": 20,
  "fields": {
    "name": "\u041a\u043e\u043b\u043e\u0431\u043e\u043a",
    "description": "",
    "year": 1873,
    "category": 2,
    "genre": [
      7,
      8
    ]
  }
},
{
  "model": "title_api_app.title",
  "pk": 21,
  "fields": {
    "name": "\u0421\u0442\u0440\u0430\u0445 \u0438 \u043d\u0435\u043d\u0430\u0432\u0438\u0441\u0442\u044c \u0432 \u041b\u0430\u0441-\u0412\u0435\u0433\u0430\u0441\u0435",
    "description": "",
    "year": 1971,
    "category": 2,
    "genre": [
      9
    ]
  }
},
{
  "model": "title_api_app.title",
  "pk": 22,
  "fields": {
    "name": "\u0412\u043e\u0439\u043d\u0430 \u0438 \u043c\u0438\u0440",
    "description": "",
    "year": 1865,
    "category": 2,
    "genre": [
      10
    ]
  }
},
{
  "model": "title_api_app.title",
  "pk": 23,
  "fields": {
    "name": "\u0423\u043b\u0438\u0441\u0441",
    "description": "",
    "year": 1918,
    "category": 2,
    "genre": [
      10
    ]
  }
},
{
  "model": "title_api_app.title",
  "pk": 24,
  "fields": {
    "name": "Generation \u041f",
    "description": "",
    "year": 1999,
    "category": 2,
    "genre": [
      10
    ]
  }
},
{
  "model": "title_api_app.title",
  "pk": 25,
  "fields": {
    "name": "\u0412\u0438\u043d\u043d\u0438 \u041f\u0443\u0445 \u0438 \u0432\u0441\u0435-\u0432\u0441\u0435-\u0432\u0441\u0435",
    "description": "",
    "year": 1926,
    "category": 2,
    "genre": [
      8
    ]
  }
},
{
  "model": "title_api_app.title",
  "pk": 26,
  "fields": {
    "name": "\u0421\u0442\u0430\u0441 \u041c\u0438\u0445\u0430\u0439\u043b\u043e\u0432 - \u041f\u043e\u0437\u044b\u0432\u043d\u044b\u0435 \u043d\u0430 \u043b\u044e\u0431\u043e\u0432\u044c",
    "description": "",
    "year": 2004,
    "category": 3,
    "genre": [
      15
    ]
  }
},
{
  "model": "title_api_app.title",
  "pk": 27,
  "fields": {
    "name": "Led Zeppelin \u2014 Stairway to Heaven",
    "description": "",
    "year": 1971,
    "category": 3,
    "genre": [
      11,
      14
    ]
  }
},
{
  "model": "title_api_app.title",
  "pk": 28,
  "fields": {
    "name": "Jethro Tull - Aqualung",
    "description": "",
    "year": 1971,
    "category": 3,
    "genre": [
      11
    ]
  }
},
{
  "model": "title_api_app.title",
  "pk": 29,
  "fields": {
    "name": "Elvis Presley - Blue Suede Shoes",
    "description": "",
    "year": 1955,
    "category": 3,
    "genre": [
      12
    ]
  }
},
{
  "model": "title_api_app.title",
  "pk": 30,
  "fields": {
    "name": "Deep Purple \u2014 Smoke on the Water",
    "description": "",
    "year": 1971,
    "category": 3,
    "genre": [
      14
    ]
  }
},
{
  "model": "title_api_app.title",
  "pk": 31,
  "fields": {
    "name": "\u041c\u043e\u0446\u0430\u0440\u0442 - \u0422\u0443\u0440\u0435\u0446\u043a\u0438\u0439 \u043c\u0430\u0440\u0448",
    "description": "",
    "year": 1784,
    "category": 3,
    "genre": [
      13
    ]
  }
},
{
  "model": "title_api_app.title",
  "pk": 32,
  "fields": {
    "name": "\u0411\u0430\u0445. \u041e\u0440\u043a\u0435\u0441\u0442\u0440\u043e\u0432\u0430\u044f \u0421\u044e\u0438\u0442\u0430 \u21162 \u0441\u0438 \u043c\u0438\u043d\u043e\u0440",
    "description": "",
    "year": 1739,
    "category": 3,
    "genre": [
      13
    ]
  }
},
{
  "model": "title_api_app.title",
  "pk": 75,
  "fields": {
    "name": "\u0422\u0435\u0441\u0442\u043e\u0432\u044b\u0439 \u0444\u0438\u043b\u044c\u043c",
    "description": "",
    "year": 1920,
    "category": 1,
    "genre": [
      1
    ]
  }
}
]
